Txhash,Blockno,UnixTimestamp,DateTime,From,To,ContractAddress,Value_IN(ETH),Value_OUT(ETH),CurrentValue @ $1284.46/Eth,TxnFee(ETH),TxnFee(USD),Historical $Price/Eth,Status,ErrCode,Method
0xad87085763eafa1b3144f0fb877e325f5e217595862b92fdb30f19e72686fc82,15774705,1666092647,2022/10/18 11:30,0x56eddb7aa87536c09ccc2793473599fd21a8b17f,0x6e22ecdf77d63441edc54422504c329a5029a3d2,,0.0654657,0,84.08807302,0.000324016,0.416185904,1310.78,,,Transfer
0xab953a1d9625894890f3237a82a82c7674452c33e16476bdef13e4c3134d8594,15774713,1666092743,2022/10/18 11:32,0x6e22ecdf77d63441edc54422504c329a5029a3d2,0x497f300c628cd37bc4f2e1a2864b11570e0f22a8,,0,0.004302355,5.52620338,0.000307081,0.394432941,1310.78,,,0x34653731
0x3006ef25af9f5566a3db58933be0c9f3b13ab0ce24c23e75cd3141c106642e05,15774894,1666094951,2022/10/18 12:09,0x6e22ecdf77d63441edc54422504c329a5029a3d2,0x497f300c628cd37bc4f2e1a2864b11570e0f22a8,,0,0.004286866,5.506307796,0.000339657,0.436275423,1310.78,,,0x63643636
0x5aaf54903586450798da59ab7f7689bec9b25ba68a22921205d3fef377d19a51,15774919,1666095251,2022/10/18 12:14,0x6e22ecdf77d63441edc54422504c329a5029a3d2,0x497f300c628cd37bc4f2e1a2864b11570e0f22a8,,0,0.004286866,5.506307796,0.000333578,0.428467708,1310.78,,,0x37353339
0x75ab815108acdefefc6986be034ce02c785ab8ad69bf527886345adfa2832792,15774966,1666095827,2022/10/18 12:23,0x6e22ecdf77d63441edc54422504c329a5029a3d2,0x497f300c628cd37bc4f2e1a2864b11570e0f22a8,,0,0.007863281,10.10007035,0.000345935,0.444340262,1310.78,,,0x39346562
0xf934de6004e0bce2c238a0e5f8d8d0cbaf9622fd42200fbb0cf66cf2ea2da08c,15775017,1666096439,2022/10/18 12:33,0x6e22ecdf77d63441edc54422504c329a5029a3d2,0x497f300c628cd37bc4f2e1a2864b11570e0f22a8,,0,0.004272702,5.48811483,0.000362007,0.464983842,1310.78,,,0x34623135
0xe878b4d20a09a53dad1c1e7e549341f109511af2108afb927909a92711398884,15775019,1666096463,2022/10/18 12:34,0x6e22ecdf77d63441edc54422504c329a5029a3d2,0x497f300c628cd37bc4f2e1a2864b11570e0f22a8,,0,0.004278131,5.495088345,0.000337038,0.432911877,1310.78,,,0x35343865
0xfdfa411f815ed16132e8c3733486242e22feb01045a6a2b293baa038304e4ae9,15775066,1666097027,2022/10/18 12:43,0x6e22ecdf77d63441edc54422504c329a5029a3d2,0x497f300c628cd37bc4f2e1a2864b11570e0f22a8,,0,0.00425283,5.462589502,0.000400506,0.514433534,1310.78,,,0x31336263
0x68163818c408d3eb137d3fc75bfa596a6d99c422e74bc1dd6f4fb3c40b7e1d9d,15775165,1666098215,2022/10/18 13:03,0x497f300c628cd37bc4f2e1a2864b11570e0f22a8,0x6e22ecdf77d63441edc54422504c329a5029a3d2,,0.003953841,0,5.078550664,0.000333025,0.427757132,1310.78,,,0x63643636
0xa3d0ceaffdb27ea867e3db4d8f44e3468cc531fe7400be5ad209b8dcd479857c,15775342,1666100351,2022/10/18 13:39,0x497f300c628cd37bc4f2e1a2864b11570e0f22a8,0x6e22ecdf77d63441edc54422504c329a5029a3d2,,0.003785239,0,4.861987883,0.000501627,0.644319913,1310.78,,,0x37353339
0x843a6860bdcee60326657d1c0b2a67cbfd1ed80e835733d0881b362f5a16b432,15776749,1666117295,2022/10/18 18:21,0x497f300c628cd37bc4f2e1a2864b11570e0f22a8,0x6e22ecdf77d63441edc54422504c329a5029a3d2,,0.00717631,0,9.2176836,0.000686971,0.882386749,1310.78,,,0x39346562
0xfb50d75003db29fe9c73ca269a76b16f992fd4853e492caf18ca2fc2d63fc00d,15776834,1666118339,2022/10/18 18:38,0x497f300c628cd37bc4f2e1a2864b11570e0f22a8,0x6e22ecdf77d63441edc54422504c329a5029a3d2,,0.003218878,0,4.134520224,0.001053824,1.353594606,1310.78,,,0x34623135
0xf94e710ad0e2e7a630f2695be2167e03c7a5106fe5b39e2f847c6e09f640a956,15776838,1666118387,2022/10/18 18:39,0x497f300c628cd37bc4f2e1a2864b11570e0f22a8,0x6e22ecdf77d63441edc54422504c329a5029a3d2,,0.003228742,0,4.147189395,0.00104939,1.347898949,1310.78,,,0x35343865
0x4600a3dc52a2e8804ec4b17967a90c571a81147e4bd7bfffa9ac6d1ac8e5e409,15789721,1666273871,2022/10/20 13:51,0x6e22ecdf77d63441edc54422504c329a5029a3d2,0xad667da40c4c2fe17e1af7a6e9e83a80f4538be0,,0,0.02,25.6892,0.00105,1.348683,1282.68,,,Transfer
0x0eaddae1d81cc74704b3361f6f1d39c90db978b0848b5c748d0bc609ad156b13,15815640,1666586435,2022/10/24 4:40,0x6e22ecdf77d63441edc54422504c329a5029a3d2,0x83b5c13ba74c553474428b26f37f32e126c65d89,,0,0.023844874,30.62778696,0.000274017,0.35196427,1343.83,,,Transfer
0xa429ff4d90aaa3d41484ba06c22aecf9c56437df0b1ba5fa153eac5672ccfc20,15815695,1666587095,2022/10/24 4:51,0x6e22ecdf77d63441edc54422504c329a5029a3d2,0xad667da40c4c2fe17e1af7a6e9e83a80f4538be0,,0,0.005392056,6.925880589,0.000231104,0.296843615,1343.83,,,Transfer
